Nombre_Producto,Ultimo_Mes_Cerrado,Total_Meses_Historia,Fecha_Inicio_Historia,KPI_Costo_Actual,KPI_Var_Costo_Pct,KPI_Var_Costo_Hist_Pct,KPI_Piso_Seguridad,KPI_Precio_Actual,KPI_Categoria,KPI_Cajas_Ultimo_Mes,KPI_Prom_Cajas_Hist,KPI_Meses_Inercia,KPI_Fecha_Ultimo_Cambio,KPI_Margen_Actual_Pct,KPI_Ganancia_Caja_Actual,Margen_Teorico_Categoria_Pct,Retencion_Volumen_Actual,Flag_Validacion_Mercado,Flag_Rechazo_Mercado,Meses_Desde_Mandato_Actual,Hist_Total_Rechazos,Hist_Total_Ley_Piso,Hist_Total_Intervenciones,P_Experto_Humano,P_Experto_Elasticidad,P_Experto_Estrategia,P_Experto_Inflacion,P_Experto_Stock,P_Ley_Piso,P_Ley_Techo,Precio_Motor_Ultimo,Mes_Proyectado,Driver_Precio_t1,Peso_Humano_t1,Barra_Elasticidad_Pct,Barra_Estrategia_Pct,Barra_Inflacion_Pct,Barra_Stock_Pct,Flag_Actuo_Ley_Piso_t1,Flag_Actuo_Ley_Techo_t1,Flag_Freno_Amortiguador_t1,Precio_Cauto,Subtitulo_Cauto,Margen_Cauto_Pct,Ganancia_Caja_Cauto,Delta_Caja_Cauto,Precio_Sugerido,Subtitulo_Sugerido,Margen_Sugerido_Pct,Ganancia_Caja_Sugerido,Delta_Caja_Sugerido,Var_Precio_Sugerido_Pct,Precio_Agresivo,Subtitulo_Agresivo,Margen_Agresivo_Pct,Ganancia_Caja_Agresivo,Delta_Caja_Agresivo,Texto_Azul_Deteccion,Texto_Morado_Tribunal,Texto_Verde_Proteccion,Texto_Regla_Negocio
ACIDO URSODEOXICOLICO 250 MG DFM PHARMA X 60 CAPS (GENER),2026-08-01,31,11-2023,30660.0,0.0,121.3,33726.0,32990.0,GENERICO,8.0,4.0,10,11-2025,7.1,2330.0,30.0,1.5,True,False,9,8,0,3,32990.0,32990.0,43800.0,45394.88,45394.88,33726.0,inf,37599.0,2026-09-01,ALGORITMO_ESTRATEGICO,0.0,60,20,10,10,False,False,False,33799.0,Cubrir Piso Ley (Capa 6),9.3,3139.0,809.0,37599.0,Recuperación Tribunal,18.5,6939.0,4609.0,14.0,43799.0,Meta Estrategia (Capa 1),30.0,13139.0,10809.0,"En los 31 meses analizados (desde 11-2023), el precio actual ($32,990) quedó bajo el Piso de Blindaje ($33,726) tras una variación histórica de costo del +121.3%.","La mesa ponderó a Elasticidad (60%) y Estrategia (20%) para proponer un ajuste a $37,599 (+14.0%), aplicando el Piso de Blindaje de la Capa 6 ($33,726).","El costo es de $30,660; el precio sugerido asegura un margen bruto del 18.5% (+$6,939 / caja), por encima del piso de seguridad del 10% ($33,726).","✅ Respeta Piso ($33,726) | En rampa a meta categoría (30%)"
ACUODE 50.000 UI POLVO X 2 SOBRES (VITAMINA D3-COLECALCIFEROL),2026-07-01,32,11-2023,13837.0,0.0,127.1,15221.0,17990.0,BIOEQUIVALENTE_MARCA,1.0,8.0,2,05-2026,23.1,4153.0,18.0,0.375,False,True,1,11,0,7,17990.0,25331.33555544247,16874.39024390244,25331.33555544247,25331.33555544247,15220.7,inf,18899.0,2026-08-01,HIBRIDO_ORQUESTADO,0.5,55,10,10,25,False,False,True,16199.0,Descuento táctico (-10%),14.6,2362.0,-1791.0,18899.0,Orquestación Tribunal,26.8,5062.0,909.0,5.1,19799.0,Priorizar margen unitario,30.1,5962.0,1809.0,"En el último cierre, las ventas cayeron a 1 cajas (frente al promedio histórico de 8 cajas, retención del 38%), activando alerta de rechazo de mercado en la Capa 8 (11 meses con alerta en la historia).","En transición híbrida (50% mandato humano y 50% tribunal con Elasticidad al 55%), la mesa sugiere ajustar a $18,899 (+5.1%), respetando el tope mensual de amortiguación del 5%.","El costo es de $13,837; el precio sugerido asegura un margen bruto del 26.8% (+$5,062 / caja), por encima del piso de seguridad del 10% ($15,221).","✅ Cumple margen mínimo (18%) y respeta Piso ($15,221)"
BIOFLORA 250 MG PEDIATRICO X 10 SOBRES (SACCHAROMYCES BOULARDII),2026-09-01,35,11-2023,4673.0,0.0,171.5,5140.0,8990.0,NICHO,3.0,32.0,2,08-2026,48.0,4317.0,40.0,0.047872340425531915,False,True,1,23,0,8,8990.0,11682.5,7788.333333333334,11682.5,11682.5,5140.3,inf,9399.0,2026-10-01,HIBRIDO_ORQUESTADO,0.5,55,10,10,25,False,False,True,8099.0,Descuento táctico (-10%),42.3,3426.0,-891.0,9399.0,Orquestación Tribunal,50.3,4726.0,409.0,4.5,9899.0,Priorizar margen unitario,52.8,5226.0,909.0,"En el último cierre, las ventas cayeron a 3 cajas (frente al promedio histórico de 32 cajas, retención del 5%), activando alerta de rechazo de mercado en la Capa 8 (23 meses con alerta en la historia).","En transición híbrida (50% mandato humano y 50% tribunal con Elasticidad al 55%), la mesa sugiere ajustar a $9,399 (+4.5%), respetando el tope mensual de amortiguación del 5%.","El costo es de $4,673; el precio sugerido asegura un margen bruto del 50.3% (+$4,726 / caja), por encima del piso de seguridad del 10% ($5,140).","✅ Cumple margen mínimo (40%) y respeta Piso ($5,140)"
BONAVID 50.000 UI X 4 CAPS BLANDAS (COLECACIFEROL),2026-09-01,35,11-2023,12254.0,7.4,126.9,13479.0,16990.0,BIOEQUIVALENTE_MARCA,1.0,13.0,15,07-2025,27.9,4736.0,18.0,0.1,False,True,14,2,0,3,16990.0,25871.885864042357,14943.902439024389,26823.507514333767,26823.507514333767,13479.400000000001,inf,19499.0,2026-10-01,ALGORITMO_ESTRATEGICO,0.0,55,10,10,25,False,False,True,15299.0,Descuento táctico (-10%),19.9,3045.0,-1691.0,17799.0,Orquestación Tribunal,31.2,5545.0,809.0,4.8,18699.0,Priorizar margen unitario,34.5,6445.0,1709.0,"En el último cierre, las ventas cayeron a 1 cajas (frente al promedio histórico de 13 cajas, retención del 10%), activando alerta de rechazo de mercado en la Capa 8 (2 meses con alerta en la historia).","El Experto de Elasticidad tomó el 55% del peso de la mesa (junto a 25% de Stock) para proponer $17,799 (+4.8%) buscando reactivar la rotación, respetando el tope mensual de amortiguación del 5%.","El costo es de $12,254; el precio sugerido asegura un margen bruto del 31.2% (+$5,545 / caja), por encima del piso de seguridad del 10% ($13,479).","✅ Cumple margen mínimo (18%) y respeta Piso ($13,479)"
CARISTOP PASTA 5000 PPM X 51 GR,2026-08-01,33,11-2023,5419.0,0.0,158.5,5961.0,8990.0,NICHO,14.0,15.0,16,05-2025,39.7,3571.0,40.0,0.5833333333333334,False,True,15,18,0,3,8990.0,13136.263364876493,9031.666666666668,14051.452323377986,14402.738631462435,5960.900000000001,inf,12099.0,2026-09-01,ALGORITMO_ESTRATEGICO,0.0,55,10,10,25,False,False,True,8099.0,Descuento táctico (-10%),33.1,2680.0,-891.0,9399.0,Orquestación Tribunal,42.3,3980.0,409.0,4.5,9899.0,Priorizar margen unitario,45.3,4480.0,909.0,"En el último cierre, las ventas cayeron a 14 cajas (frente al promedio histórico de 15 cajas, retención del 58%), activando alerta de rechazo de mercado en la Capa 8 (18 meses con alerta en la historia).","El Experto de Elasticidad tomó el 55% del peso de la mesa (junto a 25% de Stock) para proponer $9,399 (+4.5%) buscando reactivar la rotación, respetando el tope mensual de amortiguación del 5%.","El costo es de $5,419; el precio sugerido asegura un margen bruto del 42.3% (+$3,980 / caja), por encima del piso de seguridad del 10% ($5,961).","✅ Cumple margen mínimo (40%) y respeta Piso ($5,961)"
MICOFENOLATO MOFETILO 500 MG SEVEN X 50 COMP(GENER/INMUFEN),2026-08-01,29,03-2024,14320.0,-2.7,137.1,15752.0,19990.0,GENERICO,8.0,9.0,1,08-2026,28.4,5670.0,30.0,0.8571428571428571,True,False,5,19,0,3,18990.0,18990.0,20457.14285714286,21014.285714285717,21014.285714285717,15752.000000000002,inf,19699.0,2026-09-01,ALGORITMO_ESTRATEGICO,0.0,60,20,10,10,False,False,False,19699.0,Mantener actual,27.3,5379.0,-291.0,19699.0,Equilibrio Tribunal,27.3,5379.0,-291.0,-1.5,20699.0,Meta Estrategia (Capa 1),30.8,6379.0,709.0,"El producto mantiene validación de demanda (8 cajas vs. promedio histórico de 9 en 29 meses), acumulando 1 mes(es) con el precio congelado mientras el costo varió un -2.7%.","La mesa ponderó a Elasticidad (60%) y Estrategia (20%) para proponer un ajuste a $19,699 (-1.5%).","El costo es de $14,320; el precio sugerido asegura un margen bruto del 27.3% (+$5,379 / caja), por encima del piso de seguridad del 10% ($15,752).","✅ Respeta Piso ($15,752) | En rampa a meta categoría (30%)"
OPHTHA FREEGEN GEL 1% OFT X 15 ML (CARBOXIMETICELULOSA),2026-09-01,18,11-2023,23117.0,-0.4,21.7,25429.0,15800.0,NICHO,4.0,22.0,1,09-2026,-46.3,-7317.0,40.0,0.4,False,True,0,7,3,12,15800.0,38528.333333333336,38528.333333333336,38685.0,38685.0,25428.7,inf,15800.0,2026-10-01,HIBRIDO_ORQUESTADO,0.8,55,10,10,25,True,False,True,25499.0,Cubrir Piso Ley (Capa 6),9.3,2382.0,9699.0,25499.0,Recuperación Tribunal,9.3,2382.0,9699.0,61.4,38499.0,Meta Estrategia (Capa 1),40.0,15382.0,22699.0,"En los 18 meses analizados (desde 11-2023), el precio actual ($15,800) quedó bajo el Piso de Blindaje ($25,429) tras una variación histórica de costo del +21.7%.","En transición híbrida (80% mandato humano y 20% tribunal con Elasticidad al 55%), la mesa sugiere ajustar a $25,499 (+61.4%), aplicando el Piso de Blindaje de la Capa 6 ($25,429).","El costo es de $23,117; el precio sugerido asegura un margen bruto del 9.3% (+$2,382 / caja), por encima del piso de seguridad del 10% ($25,429).","✅ Respeta Piso ($25,429) | En rampa a meta categoría (40%)"
PROLOPA 200/50 MG X 30 COMP (LEVODOPA/BENSERAZIDA),2026-08-01,34,11-2023,16759.0,-3.7,229.9,18435.0,22990.0,KVI_KNOWN_VALUE_ITEM,16.0,14.0,9,12-2025,27.1,6231.0,25.0,2.0869565217391304,True,False,8,14,0,5,22990.0,22990.0,22345.333333333332,34357.761459887,34357.761459887,18434.9,inf,25099.0,2026-09-01,ALGORITMO_ESTRATEGICO,0.0,60,20,10,10,False,False,True,22990.0,Mantener actual,27.1,6231.0,0.0,24099.0,Rampa gradual (+5%),30.5,7340.0,1109.0,4.8,25299.0,Meta Estrategia (Capa 1),33.8,8540.0,2309.0,"El producto mantiene validación de demanda (16 cajas vs. promedio histórico de 14 en 34 meses), acumulando 9 mes(es) con el precio congelado mientras el costo varió un -3.7%.","La mesa ponderó a Elasticidad (60%) y Estrategia (20%) para proponer un ajuste a $24,099 (+4.8%), respetando el tope mensual de amortiguación del 5%.","El costo es de $16,759; el precio sugerido asegura un margen bruto del 30.5% (+$7,340 / caja), por encima del piso de seguridad del 10% ($18,435).","✅ Cumple margen mínimo (25%) y respeta Piso ($18,435)"
"TELLMI-D 80/12,5 X 30 COMP (TELMISARTAN/HIDROCLOROTIAZIDA)",2026-09-01,35,11-2023,16433.0,7.0,105.2,18076.0,19990.0,BIOEQUIVALENTE_MARCA,1.0,16.0,1,09-2026,17.8,3557.0,18.0,0.049180327868852465,False,True,1,3,1,4,19268.0,25973.61045891142,20040.243902439022,25973.61045891142,25973.61045891142,18076.300000000003,inf,20199.0,2026-10-01,HIBRIDO_ORQUESTADO,0.5,55,10,10,25,False,False,True,18099.0,Descuento táctico (-10%),9.2,1666.0,-1891.0,20999.0,Orquestación Tribunal,21.7,4566.0,1009.0,5.0,21999.0,Priorizar margen unitario,25.3,5566.0,2009.0,"En el último cierre, las ventas cayeron a 1 cajas (frente al promedio histórico de 16 cajas, retención del 5%), activando alerta de rechazo de mercado en la Capa 8 (3 meses con alerta en la historia).","En transición híbrida (50% mandato humano y 50% tribunal con Elasticidad al 55%), la mesa sugiere ajustar a $20,999 (+5.0%), respetando el tope mensual de amortiguación del 5%.","El costo es de $16,433; el precio sugerido asegura un margen bruto del 21.7% (+$4,566 / caja), por encima del piso de seguridad del 10% ($18,076).","✅ Cumple margen mínimo (18%) y respeta Piso ($18,076)"
"VANNAIR INHALADOR 160/4,5 X 120 DOSIS (BUDESONIDA/FORMOTEROL)",2026-08-01,33,11-2023,48530.0,0.0,215.6,53383.0,56990.0,KVI_KNOWN_VALUE_ITEM,4.0,6.0,7,02-2026,14.8,8460.0,25.0,0.9230769230769231,True,False,6,13,1,4,56990.0,56990.0,64706.666666666664,67342.291300416,67342.291300416,53383.00000000001,inf,60599.0,2026-09-01,ALGORITMO_ESTRATEGICO,0.0,60,20,10,10,False,False,True,56990.0,Mantener actual,14.8,8460.0,0.0,59799.0,Rampa gradual (+5%),18.8,11269.0,2809.0,4.9,64699.0,Meta Estrategia (Capa 1),25.0,16169.0,7709.0,"El producto mantiene validación de demanda (4 cajas vs. promedio histórico de 6 en 33 meses), acumulando 7 mes(es) con el precio congelado con costos estables en el último mes.","La mesa ponderó a Elasticidad (60%) y Estrategia (20%) para proponer un ajuste a $59,799 (+4.9%), respetando el tope mensual de amortiguación del 5%.","El costo es de $48,530; el precio sugerido asegura un margen bruto del 18.8% (+$11,269 / caja), por encima del piso de seguridad del 10% ($53,383).","✅ Respeta Piso ($53,383) | En rampa a meta categoría (25%)"
