Nombre_Producto,Mes_Proyectado,KPI_Costo_Actual,KPI_Var_Costo_Pct,KPI_Piso_Seguridad,KPI_Precio_Actual,KPI_Categoria,KPI_Cajas_Ultimo_Mes,KPI_Prom_Cajas_Hist,KPI_Meses_Inercia,KPI_Fecha_Ultimo_Cambio,KPI_Margen_Actual_Pct,KPI_Ganancia_Caja_Actual,Total_Meses_Historia,P_Ley_Piso,P_Ley_Techo,Margen_Teorico_Categoria_Pct,Driver_Precio_t1,Peso_Humano_t1,Barra_Elasticidad_Pct,Barra_Estrategia_Pct,Barra_Inflacion_Pct,Barra_Stock_Pct,Flag_Actuo_Ley_Piso_t1,Flag_Actuo_Ley_Techo_t1,Flag_Freno_Amortiguador_t1,Precio_Cauto,Subtitulo_Cauto,Margen_Cauto_Pct,Ganancia_Caja_Cauto,Precio_Sugerido,Subtitulo_Sugerido,Margen_Sugerido_Pct,Ganancia_Caja_Sugerido,Var_Precio_Sugerido_Pct,Precio_Agresivo,Subtitulo_Agresivo,Margen_Agresivo_Pct,Ganancia_Caja_Agresivo,Texto_Azul_Deteccion,Texto_Morado_Tribunal,Texto_Verde_Proteccion,Texto_Regla_Negocio
ACIDO URSODEOXICOLICO 250 MG DFM PHARMA X 60 CAPS (GENER),2026-09-01,30660.0,0.0,33726.0,32990.0,GENERICO,8.0,4.0,10,11-2025,7.1,2330.0,31,33726.0,inf,30.0,ALGORITMO_ESTRATEGICO,0.0,60,20,10,10,False,False,False,33799.0,Ajuste a Piso Ley (Capa 6),9.3,3139.0,37599.0,Blindaje Piso (Capa 6),18.5,6939.0,14.0,43799.0,Meta Estrategia (Capa 1),30.0,13139.0,"En los 31 meses analizados (desde 11-2023), el precio actual ($32,990) quedó bajo el Piso de Blindaje ($33,726) tras una variación histórica de costo del +121.3%.","La mesa ponderó a Elasticidad (60%) y Estrategia (20%) para proponer un ajuste a $37,599 (+14.0%), aplicando el Piso de Blindaje de la Capa 6 ($33,726).","El costo es de $30,660; el precio sugerido asegura un margen bruto del 18.5% (+$6,939 / caja), por encima del piso de seguridad del 10% ($33,726).","✅ Respeta Piso ($33,726) | En rampa a meta categoría (30%)"
ACUODE 50.000 UI POLVO X 2 SOBRES (VITAMINA D3-COLECALCIFEROL),2026-08-01,13837.0,0.0,15221.0,17990.0,BIOEQUIVALENTE_MARCA,1.0,8.0,2,05-2026,23.1,4153.0,32,15220.7,inf,18.0,HIBRIDO_ORQUESTADO,0.5,55,10,10,25,False,False,True,17990.0,Mantener actual (Inercial),23.1,4153.0,18899.0,Tribunal + Freno 5% (Capa 7),26.8,5062.0,5.1,21199.0,Meta Tribunal (Sin freno),34.7,7362.0,"En el último cierre, las ventas cayeron a 1 cajas (frente al promedio histórico de 8 cajas, retención del 38%), activando alerta de rechazo de mercado en la Capa 8 (7 meses con alerta en la historia).","En transición híbrida (50% mandato humano y 50% tribunal con Elasticidad al 55%), la mesa sugiere ajustar a $18,899 (+5.1%), respetando el tope mensual de amortiguación del 5%.","El costo es de $13,837; el precio sugerido asegura un margen bruto del 26.8% (+$5,062 / caja), por encima del piso de seguridad del 10% ($15,221).","✅ Cumple margen mínimo (18%) y respeta Piso ($15,221)"
BIOFLORA 250 MG PEDIATRICO X 10 SOBRES (SACCHAROMYCES BOULARDII),2026-10-01,4673.0,0.0,5140.0,8990.0,NICHO,3.0,32.0,2,08-2026,48.0,4317.0,35,5140.3,inf,40.0,HIBRIDO_ORQUESTADO,0.5,55,10,10,25,False,False,True,8990.0,Mantener actual (Inercial),48.0,4317.0,9399.0,Tribunal + Freno 5% (Capa 7),50.3,4726.0,4.5,10099.0,Meta Tribunal (Sin freno),53.7,5426.0,"En el último cierre, las ventas cayeron a 3 cajas (frente al promedio histórico de 32 cajas, retención del 5%), activando alerta de rechazo de mercado en la Capa 8 (19 meses con alerta en la historia).","En transición híbrida (50% mandato humano y 50% tribunal con Elasticidad al 55%), la mesa sugiere ajustar a $9,399 (+4.5%), respetando el tope mensual de amortiguación del 5%.","El costo es de $4,673; el precio sugerido asegura un margen bruto del 50.3% (+$4,726 / caja), por encima del piso de seguridad del 10% ($5,140).","✅ Cumple margen mínimo (40%) y respeta Piso ($5,140)"
BONAVID 50.000 UI X 4 CAPS BLANDAS (COLECACIFEROL),2026-10-01,12254.0,7.4,13479.0,16990.0,BIOEQUIVALENTE_MARCA,1.0,13.0,15,07-2025,27.9,4736.0,35,13479.400000000001,inf,18.0,ALGORITMO_ESTRATEGICO,0.0,55,10,10,25,False,False,True,16990.0,Mantener actual (Inercial),27.9,4736.0,17799.0,Tribunal + Freno 5% (Capa 7),31.2,5545.0,4.8,25099.0,Meta Tribunal (Sin freno),51.2,12845.0,"En el último cierre, las ventas cayeron a 1 cajas (frente al promedio histórico de 13 cajas, retención del 10%), activando alerta de rechazo de mercado en la Capa 8 (1 meses con alerta en la historia).","El Experto de Elasticidad tomó el 55% del peso de la mesa (junto a 25% de Stock) para proponer $17,799 (+4.8%) buscando reactivar la rotación, respetando el tope mensual de amortiguación del 5%.","El costo es de $12,254; el precio sugerido asegura un margen bruto del 31.2% (+$5,545 / caja), por encima del piso de seguridad del 10% ($13,479).","✅ Cumple margen mínimo (18%) y respeta Piso ($13,479)"
CARISTOP PASTA 5000 PPM X 51 GR,2026-09-01,5419.0,0.0,5961.0,8990.0,NICHO,14.0,15.0,16,05-2025,39.7,3571.0,33,5960.900000000001,inf,40.0,ALGORITMO_ESTRATEGICO,0.0,55,10,10,25,False,False,True,8990.0,Mantener actual (Inercial),39.7,3571.0,9399.0,Tribunal + Freno 5% (Capa 7),42.3,3980.0,4.5,13099.0,Meta Tribunal (Sin freno),58.6,7680.0,"En el último cierre, las ventas cayeron a 14 cajas (frente al promedio histórico de 15 cajas, retención del 58%), activando alerta de rechazo de mercado en la Capa 8 (16 meses con alerta en la historia).","El Experto de Elasticidad tomó el 55% del peso de la mesa (junto a 25% de Stock) para proponer $9,399 (+4.5%) buscando reactivar la rotación, respetando el tope mensual de amortiguación del 5%.","El costo es de $5,419; el precio sugerido asegura un margen bruto del 42.3% (+$3,980 / caja), por encima del piso de seguridad del 10% ($5,961).","✅ Cumple margen mínimo (40%) y respeta Piso ($5,961)"
MICOFENOLATO MOFETILO 500 MG SEVEN X 50 COMP(GENER/INMUFEN),2026-09-01,14320.0,-2.7,15752.0,19990.0,GENERICO,8.0,9.0,1,08-2026,28.4,5670.0,29,15752.000000000002,inf,30.0,ALGORITMO_ESTRATEGICO,0.0,60,20,10,10,False,False,False,19699.0,Ajuste Tribunal (Capa 7),27.3,5379.0,19699.0,Equilibrio Tribunal (Capa 7),27.3,5379.0,-1.5,20499.0,Meta Estrategia (Capa 1),30.1,6179.0,"El producto mantiene validación de demanda (8 cajas vs. promedio histórico de 9 en 29 meses), acumulando 1 mes(es) con el precio congelado mientras el costo varió un -2.7%.","La mesa ponderó a Elasticidad (60%) y Estrategia (20%) para proponer un ajuste a $19,699 (-1.5%).","El costo es de $14,320; el precio sugerido asegura un margen bruto del 27.3% (+$5,379 / caja), por encima del piso de seguridad del 10% ($15,752).","✅ Respeta Piso ($15,752) | En rampa a meta categoría (30%)"
OPHTHA FREEGEN GEL 1% OFT X 15 ML (CARBOXIMETICELULOSA),2026-10-01,23117.0,-0.4,25429.0,15800.0,NICHO,4.0,22.0,1,09-2026,-46.3,-7317.0,18,25428.7,inf,40.0,HIBRIDO_ORQUESTADO,0.8,55,10,10,25,True,False,True,25499.0,Ajuste a Piso Ley (Capa 6),9.3,2382.0,25499.0,Blindaje Piso (Capa 6),9.3,2382.0,61.4,38499.0,Meta Estrategia (Capa 1),40.0,15382.0,"En los 18 meses analizados (desde 11-2023), el precio actual ($15,800) quedó bajo el Piso de Blindaje ($25,429) tras una variación histórica de costo del +21.7%.","En transición híbrida (80% mandato humano y 20% tribunal con Elasticidad al 55%), la mesa sugiere ajustar a $25,499 (+61.4%), aplicando el Piso de Blindaje de la Capa 6 ($25,429).","El costo es de $23,117; el precio sugerido asegura un margen bruto del 9.3% (+$2,382 / caja), por encima del piso de seguridad del 10% ($25,429).","✅ Respeta Piso ($25,429) | En rampa a meta categoría (40%)"
PROLOPA 200/50 MG X 30 COMP (LEVODOPA/BENSERAZIDA),2026-09-01,16759.0,-3.7,18435.0,22990.0,KVI_KNOWN_VALUE_ITEM,16.0,14.0,9,12-2025,27.1,6231.0,34,18434.9,inf,15.0,ALGORITMO_ESTRATEGICO,0.0,60,20,10,10,False,False,True,22990.0,Mantener actual (Inercial),27.1,6231.0,24099.0,Tribunal + Freno 5% (Capa 7),30.5,7340.0,4.8,24599.0,Meta Tribunal (Sin freno),31.9,7840.0,"El producto mantiene validación de demanda (16 cajas vs. promedio histórico de 14 en 34 meses), acumulando 9 mes(es) con el precio congelado mientras el costo varió un -3.7%.","La mesa ponderó a Elasticidad (60%) y Estrategia (20%) para proponer un ajuste a $24,099 (+4.8%), respetando el tope mensual de amortiguación del 5%.","El costo es de $16,759; el precio sugerido asegura un margen bruto del 30.5% (+$7,340 / caja), por encima del piso de seguridad del 10% ($18,435).","✅ Cumple margen mínimo (15%) y respeta Piso ($18,435)"
"TELLMI-D 80/12,5 X 30 COMP (TELMISARTAN/HIDROCLOROTIAZIDA)",2026-10-01,16433.0,7.0,18076.0,19990.0,BIOEQUIVALENTE_MARCA,1.0,16.0,1,09-2026,17.8,3557.0,35,18076.300000000003,inf,18.0,HIBRIDO_ORQUESTADO,0.5,55,10,10,25,False,False,True,19990.0,Mantener actual (Inercial),17.8,3557.0,20999.0,Tribunal + Freno 5% (Capa 7),21.7,4566.0,5.0,22299.0,Meta Tribunal (Sin freno),26.3,5866.0,"En el último cierre, las ventas cayeron a 1 cajas (frente al promedio histórico de 16 cajas, retención del 5%), activando alerta de rechazo de mercado en la Capa 8 (3 meses con alerta en la historia).","En transición híbrida (50% mandato humano y 50% tribunal con Elasticidad al 55%), la mesa sugiere ajustar a $20,999 (+5.0%), respetando el tope mensual de amortiguación del 5%.","El costo es de $16,433; el precio sugerido asegura un margen bruto del 21.7% (+$4,566 / caja), por encima del piso de seguridad del 10% ($18,076).","✅ Cumple margen mínimo (18%) y respeta Piso ($18,076)"
"VANNAIR INHALADOR 160/4,5 X 120 DOSIS (BUDESONIDA/FORMOTEROL)",2026-09-01,48530.0,0.0,53383.0,56990.0,KVI_KNOWN_VALUE_ITEM,4.0,6.0,7,02-2026,14.8,8460.0,33,53383.00000000001,inf,15.0,ALGORITMO_ESTRATEGICO,0.0,60,20,10,10,False,False,False,56990.0,Mantener actual (Inercial),14.8,8460.0,57499.0,Equilibrio Tribunal (Capa 7),15.6,8969.0,0.9,57499.0,Meta Estrategia (Capa 1),15.6,8969.0,"El producto mantiene validación de demanda (4 cajas vs. promedio histórico de 6 en 33 meses), acumulando 7 mes(es) con el precio congelado con costos estables en el último mes.","La mesa ponderó a Elasticidad (60%) y Estrategia (20%) para proponer un ajuste a $57,499 (+0.9%).","El costo es de $48,530; el precio sugerido asegura un margen bruto del 15.6% (+$8,969 / caja), por encima del piso de seguridad del 10% ($53,383).","✅ Cumple margen mínimo (15%) y respeta Piso ($53,383)"
